location,last_observation_date,source_website
Afghanistan,2023-05-21,https://covid19.who.int/
Albania,2023-05-14,https://covid19.who.int/
Algeria,2022-09-04,https://covid19.who.int/
Andorra,2023-04-09,https://covid19.who.int/
Angola,2023-05-21,https://covid19.who.int/
Anguilla,2023-03-17,https://ais.paho.org/imm/IM_DosisAdmin-Vacunacion.asp
Antigua and Barbuda,2022-09-16,https://covid19.who.int/
Argentina,2023-05-26,https://covidstats.com.ar/
Armenia,2023-05-14,https://covid19.who.int/
Aruba,2023-05-26,https://www.government.aw
Australia,2023-03-24,https://covid19.who.int/
Austria,2023-05-19,https://www.ecdc.europa.eu/en/publications-data/data-covid-19-vaccination-eu-eea
Azerbaijan,2022-08-28,https://koronavirusinfo.az
Bahamas,2023-05-12,https://ais.paho.org/imm/IM_DosisAdmin-Vacunacion.asp
Bahrain,2022-12-21,https://covid19.who.int/
Bangladesh,2023-05-27,http://103.247.238.92/webportal/pages/covid19-vaccination-update.php
Barbados,2023-05-05,https://covid19.who.int/
Belarus,2023-04-16,https://covid19.who.int/
Belgium,2023-05-20,https://epistat.wiv-isp.be/covid/
Belize,2023-05-12,https://ais.paho.org/imm/IM_DosisAdmin-Vacunacion.asp
Benin,2022-12-18,https://covid19.who.int/
Bermuda,2022-07-08,https://ais.paho.org/imm/IM_DosisAdmin-Vacunacion.asp
Bhutan,2022-10-30,https://covid19.who.int/
Bolivia,2022-10-07,https://github.com/dquintani/vacunacion/
Bonaire Sint Eustatius and Saba,2021-09-01,https://www.rivm.nl/sites/default/files/2021-09/COVID-19_website_rapport_eilanden_engels_35_20210902_1409.pdf
Bosnia and Herzegovina,2022-01-29,https://covid19.who.int/
Botswana,2023-05-07,https://covid19.who.int/
Brazil,2023-03-22,https://coronavirusbra1.github.io
British Virgin Islands,2022-09-16,https://covid19.who.int/
Brunei,2023-04-28,https://covid19.who.int/
Bulgaria,2023-05-26,https://coronavirus.bg/bg/statistika
Burkina Faso,2023-03-19,https://covid19.who.int/
Burundi,2023-05-14,https://covid19.who.int/
Cambodia,2023-05-19,https://covid19.who.int/
Cameroon,2023-05-07,https://covid19.who.int/
Canada,2023-02-02,https://covid19tracker.ca/vaccinationtracker.html
Cape Verde,2022-09-25,https://covid19.who.int/
Cayman Islands,2023-04-21,https://covid19.who.int/
Central African Republic,2023-05-21,https://covid19.who.int/
Chad,2023-05-14,https://covid19.who.int/
Chile,2023-02-08,https://github.com/MinCiencia/Datos-COVID19
China,2023-02-09,https://www.chinacdc.cn/jkzt/crb/zl/szkb_11803/jszl_13141/202302/t20230211_263697.html
Colombia,2023-04-07,https://covid19.who.int/
Comoros,2022-10-02,https://covid19.who.int/
Congo,2022-07-31,https://covid19.who.int/
Cook Islands,2023-02-13,https://stats.pacificdata.org/vis?tm=covid&pg=0&df[ds]=SPC2&df[id]=DF_COVID_VACCINATION&df[ag]=SPC&df[vs]=1.0
Costa Rica,2023-04-21,https://covid19.who.int/
Cote d'Ivoire,2023-02-19,https://covid19.who.int/
Croatia,2023-05-22,https://www.koronavirus.hr
Cuba,2023-05-25,https://salud.msp.gob.cu/actualizacion-de-la-vacunacion-en-el-marco-de-los-estudios-de-los-candidatos-vacunales-cubanos-y-la-intervencion-sanitaria/
Curacao,2023-05-12,https://ais.paho.org/imm/IM_DosisAdmin-Vacunacion.asp
Cyprus,2023-02-22,https://www.moh.gov.cy/moh/moh.nsf/All/0EFA027144C9E54AC22586BE0032B2F5
Czechia,2023-05-27,https://onemocneni-aktualne.mzcr.cz/covid-19
Democratic Republic of Congo,2023-04-16,https://covid19.who.int/
Denmark,2023-05-12,https://www.ecdc.europa.eu/en/publications-data/data-covid-19-vaccination-eu-eea
Djibouti,2023-04-18,https://covid19.who.int/
Dominica,2022-10-07,https://ais.paho.org/imm/IM_DosisAdmin-Vacunacion.asp
Dominican Republic,2023-05-22,https://vacunate.gob.do
Ecuador,2023-03-31,https://ais.paho.org/imm/IM_DosisAdmin-Vacunacion.asp
Egypt,2023-05-21,https://covid19.who.int/
El Salvador,2022-10-02,https://covid19.gob.sv/
England,2023-05-16,https://coronavirus.data.gov.uk/details/vaccinations
Equatorial Guinea,2022-07-24,https://covid19.who.int/
Estonia,2023-05-22,https://opendata.digilugu.ee
Eswatini,2023-05-21,https://covid19.who.int/
Ethiopia,2023-05-07,https://covid19.who.int/
Faeroe Islands,2022-02-18,https://corona.fo/api
Falkland Islands,2021-04-14,https://www.facebook.com/FalkIandsGov/posts/4401230323224594
Fiji,2023-05-01,https://stats.pacificdata.org/vis?tm=covid&pg=0&df[ds]=SPC2&df[id]=DF_COVID_VACCINATION&df[ag]=SPC&df[vs]=1.0
Finland,2023-05-24,https://sampo.thl.fi/pivot/prod/en/vaccreg/cov19cov/fact_cov19cov
France,2023-05-16,https://www.data.gouv.fr/fr/datasets/donnees-relatives-aux-personnes-vaccinees-contre-la-covid-19-1/
French Polynesia,2023-05-01,https://stats.pacificdata.org/vis?tm=covid&pg=0&df[ds]=SPC2&df[id]=DF_COVID_VACCINATION&df[ag]=SPC&df[vs]=1.0
Gabon,2023-02-05,https://covid19.who.int/
Gambia,2023-03-19,https://covid19.who.int/
Georgia,2022-10-13,https://vaccines.ncdc.ge/vaccinationprocess/
Germany,2023-04-07,https://impfdashboard.de/
Ghana,2023-03-26,https://covid19.who.int/
Gibraltar,2022-12-16,https://twitter.com/GibraltarGov/status/1517138573614477315
Greece,2023-05-27,https://www.data.gov.gr/datasets/mdg_emvolio/
Greenland,2022-03-14,https://corona.nun.gl/en/
Grenada,2023-03-17,https://ais.paho.org/imm/IM_DosisAdmin-Vacunacion.asp
Guatemala,2023-05-12,https://ais.paho.org/imm/IM_DosisAdmin-Vacunacion.asp
Guernsey,2022-12-19,https://covid19.gov.gg/guidance/vaccine/stats
Guinea,2023-04-02,https://covid19.who.int/
Guinea-Bissau,2023-04-23,https://covid19.who.int/
Guyana,2023-02-17,https://ais.paho.org/imm/IM_DosisAdmin-Vacunacion.asp
Haiti,2023-04-07,https://covid19.who.int/
Honduras,2023-05-12,https://ais.paho.org/imm/IM_DosisAdmin-Vacunacion.asp
Hong Kong,2023-05-20,https://data.gov.hk/en-data/dataset/hk-fhb-fhbcovid19-vaccination-rates-over-time-by-age
Hungary,2022-12-27,https://koronavirus.gov.hu//cikkek/6-millio-421-ezer-beoltott-4-397-az-uj-fertozott-es-elhunyt-56-beteg
Iceland,2022-03-29,https://www.covid.is/tolulegar-upplysingar-boluefni
India,2023-05-27,https://dashboard.cowin.gov.in/
Indonesia,2023-01-17,https://covid19.who.int/
Iran,2023-05-14,https://covid19.who.int/
Iraq,2023-01-02,https://covid19.who.int/
Ireland,2023-05-24,https://covid19ireland-geohive.hub.arcgis.com/
Isle of Man,2022-06-23,https://covid19.gov.im/general-information/covid-19-vaccination-statistics/
Israel,2023-05-04,https://datadashboard.health.gov.il/COVID-19/general
Italy,2023-05-27,https://raw.githubusercontent.com/italia/covid19-opendata-vaccini/master/dati/somministrazioni-vaccini-latest.csv
Jamaica,2023-05-25,https://vaccination.moh.gov.jm
Japan,2023-05-07,https://www.kantei.go.jp/jp/headline/kansensho/vaccine.html
Jersey,2023-01-29,https://www.gov.je/Datasets/ListOpenData?ListName=COVID19Weekly&clean=true
Jordan,2022-08-21,https://covid19.who.int/
Kazakhstan,2023-01-17,https://www.coronavirus2020.kz/
Kenya,2023-04-02,https://covid19.who.int/
Kiribati,2023-02-20,https://stats.pacificdata.org/vis?tm=covid&pg=0&df[ds]=SPC2&df[id]=DF_COVID_VACCINATION&df[ag]=SPC&df[vs]=1.0
Kosovo,2023-02-12,https://msh.rks-gov.net/sq/statistikat-covid-19/
Kuwait,2023-05-21,https://covid19.who.int/
Kyrgyzstan,2023-05-27,https://vc.emed.gov.kg/
Laos,2022-08-11,https://www.covid19.gov.la/index.php
Latvia,2022-07-11,https://data.gov.lv/dati/eng/dataset/covid19-vakcinacijas
Lebanon,2022-12-22,https://covid19.who.int/
Lesotho,2023-03-19,https://covid19.who.int/
Liberia,2022-12-11,https://covid19.who.int/
Libya,2023-01-16,https://covid19.who.int/
Liechtenstein,2023-05-03,https://opendata.swiss/en/dataset/covid-19-schweiz?detGeo=FL
Lithuania,2023-05-26,https://experience.arcgis.com/experience/cab84dcfe0464c2a8050a78f817924ca/page/page_3/
Luxembourg,2023-04-16,https://covid19.who.int/
Macao,2023-04-13,https://www.ssm.gov.mo/apps1/COVID19Case/en.aspx
Madagascar,2023-05-21,https://covid19.who.int/
Malawi,2023-05-21,https://covid19.who.int/
Malaysia,2023-05-26,https://github.com/MoH-Malaysia/covid19-public
Maldives,2023-05-07,https://covid19.who.int/
Mali,2023-05-14,https://covid19.who.int/
Malta,2023-05-23,https://github.com/COVID19-Malta/COVID19-Cases
Mauritania,2023-05-14,https://covid19.who.int/
Mauritius,2023-05-21,https://covid19.who.int/
Mexico,2022-11-18,https://ais.paho.org/imm/IM_DosisAdmin-Vacunacion.asp
Moldova,2023-05-14,https://covid19.who.int/
Monaco,2021-12-21,https://en.gouv.mc/Policy-Practice/Social-Affairs-and-Health/News/Minister-of-State-visits-those-working-to-combat-COVID
Mongolia,2022-05-18,https://ikon.mn/
Montenegro,2022-08-26,https://www.covidodgovor.me/
Montserrat,2022-12-16,https://covid19.who.int/
Morocco,2023-05-14,https://covid19.who.int/
Mozambique,2023-04-23,https://covid19.who.int/
Myanmar,2022-06-18,https://covid19.who.int/
Namibia,2023-05-14,https://covid19.who.int/
Nauru,2023-02-20,https://stats.pacificdata.org/vis?tm=covid&pg=0&df[ds]=SPC2&df[id]=DF_COVID_VACCINATION&df[ag]=SPC&df[vs]=1.0
Nepal,2023-05-23,https://covid19.who.int/
Netherlands,2022-09-02,https://www.ecdc.europa.eu/en/publications-data/data-covid-19-vaccination-eu-eea
New Caledonia,2023-05-09,https://stats.pacificdata.org/vis?tm=covid&pg=0&df[ds]=SPC2&df[id]=DF_COVID_VACCINATION&df[ag]=SPC&df[vs]=1.0
New Zealand,2023-04-04,https://www.health.govt.nz/our-work/diseases-and-conditions/covid-19-novel-coronavirus/covid-19-data-and-statistics/covid-19-vaccine-data
Nicaragua,2023-05-12,https://ais.paho.org/imm/IM_DosisAdmin-Vacunacion.asp
Niger,2023-03-12,https://covid19.who.int/
Nigeria,2023-03-19,https://covid19.who.int/
Niue,2023-03-04,https://covid19.who.int/
North Macedonia,2023-05-07,https://covid19.who.int/
Northern Cyprus,2022-12-06,https://asi.saglik.gov.ct.tr/
Northern Ireland,2023-05-24,https://coronavirus.data.gov.uk/details/vaccinations
Norway,2022-11-13,https://github.com/folkehelseinstituttet/surveillance_data
Oman,2022-10-25,https://covid19.who.int/
Pakistan,2023-05-21,https://covid19.who.int/
Palestine,2022-10-18,https://covid19.who.int/
Panama,2023-05-12,https://ais.paho.org/imm/IM_DosisAdmin-Vacunacion.asp
Papua New Guinea,2023-05-01,https://stats.pacificdata.org/vis?tm=covid&pg=0&df[ds]=SPC2&df[id]=DF_COVID_VACCINATION&df[ag]=SPC&df[vs]=1.0
Paraguay,2023-05-12,https://ais.paho.org/imm/IM_DosisAdmin-Vacunacion.asp
Peru,2023-05-25,https://www.datosabiertos.gob.pe/dataset/vacunacion
Philippines,2023-03-09,https://covid19.who.int/
Pitcairn,2022-08-29,https://stats.pacificdata.org/vis?tm=covid&pg=0&df[ds]=SPC2&df[id]=DF_COVID_VACCINATION&df[ag]=SPC&df[vs]=1.0
Poland,2023-05-26,https://www.gov.pl/web/szczepimysie/raport-szczepien-przeciwko-covid-19
Portugal,2023-05-12,https://www.ecdc.europa.eu/en/publications-data/data-covid-19-vaccination-eu-eea
Qatar,2023-05-07,https://covid19.who.int/
Romania,2023-05-07,https://covid19.who.int/
Russia,2023-05-26,https://gogov.ru/articles/covid-v-stats
Rwanda,2023-01-01,https://covid19.who.int/
Saint Helena,2021-05-05,https://www.sainthelena.gov.sh/2021/news/preliminary-data-from-the-covid-19-vaccination-programme/
Saint Kitts and Nevis,2022-12-07,https://ais.paho.org/imm/IM_DosisAdmin-Vacunacion.asp
Saint Lucia,2022-12-02,https://ais.paho.org/imm/IM_DosisAdmin-Vacunacion.asp
Saint Vincent and the Grenadines,2023-04-21,https://covid19.who.int/
Samoa,2023-04-17,https://stats.pacificdata.org/vis?tm=covid&pg=0&df[ds]=SPC2&df[id]=DF_COVID_VACCINATION&df[ag]=SPC&df[vs]=1.0
San Marino,2022-05-22,https://covid19.who.int/
Sao Tome and Principe,2023-05-07,https://covid19.who.int/
Saudi Arabia,2023-04-25,https://covid19.who.int/
Scotland,2022-09-11,https://coronavirus.data.gov.uk/details/vaccinations
Senegal,2023-05-07,https://covid19.who.int/
Serbia,2022-06-23,https://vakcinacija.gov.rs/
Seychelles,2023-04-09,https://covid19.who.int/
Sierra Leone,2023-05-21,https://covid19.who.int/
Singapore,2023-01-31,https://data.gov.sg/dataset/covid-19-vaccination
Sint Maarten (Dutch part),2023-03-31,https://covid19.who.int/
Slovakia,2022-07-31,https://github.com/Institut-Zdravotnych-Analyz/covid19-data/raw/main/Vaccination/OpenData_Slovakia_Vaccination_AgeGroup_District.csv
Slovenia,2022-07-06,https://covid-19.sledilnik.org/sl/stats
Solomon Islands,2022-10-31,https://stats.pacificdata.org/vis?tm=covid&pg=0&df[ds]=SPC2&df[id]=DF_COVID_VACCINATION&df[ag]=SPC&df[vs]=1.0
Somalia,2023-04-30,https://covid19.who.int/
South Africa,2023-05-14,https://covid19.who.int/
South Korea,2023-05-26,https://ncv.kdca.go.kr/
South Sudan,2023-05-07,https://covid19.who.int/
Spain,2023-05-24,https://www.sanidad.gob.es/profesionales/saludPublica/ccayes/alertasActual/nCov/documentos/Informe_Comunicacion_20230526.ods
Sri Lanka,2022-10-30,https://covid19.who.int/
Sudan,2023-04-02,https://covid19.who.int/
Suriname,2022-05-23,https://laatjevaccineren.sr/
Sweden,2023-05-21,https://www.fohm.se/folkhalsorapportering-statistik/statistikdatabaser-och-visualisering/vaccinationsstatistik/statistik-for-vaccination-mot-covid-19/
Switzerland,2023-05-22,https://opendata.swiss/en/dataset/covid-19-schweiz?detGeo=CH
Syria,2023-04-18,https://covid19.who.int/
Taiwan,2023-04-27,https://www.cdc.gov.tw/Category/Page/9jFXNbCe-sFK9EImRRi2Og
Tajikistan,2022-12-04,https://covid19.who.int/
Tanzania,2023-03-12,https://covid19.who.int/
Thailand,2022-09-30,https://ddc.moph.go.th/covid19-dashboard/
Timor,2023-05-23,https://covid19.who.int/
Togo,2023-04-02,https://covid19.who.int/
Tokelau,2022-12-05,https://stats.pacificdata.org/vis?tm=covid&pg=0&df[ds]=SPC2&df[id]=DF_COVID_VACCINATION&df[ag]=SPC&df[vs]=1.0
Tonga,2023-04-11,https://stats.pacificdata.org/vis?tm=covid&pg=0&df[ds]=SPC2&df[id]=DF_COVID_VACCINATION&df[ag]=SPC&df[vs]=1.0
Trinidad and Tobago,2022-09-21,https://services3.arcgis.com/x3I4DqUw3b3MfTwQ/arcgis/rest/services/service_7a519502598f492a9094fd0ad503cf80/FeatureServer/0/query
Tunisia,2023-05-16,https://covid19.who.int/
Turkey,2022-11-22,https://covid19asi.saglik.gov.tr/
Turkmenistan,2023-02-05,https://covid19.who.int/
Turks and Caicos Islands,2023-01-06,https://covid19.who.int/
Tuvalu,2023-02-01,https://covid19.who.int/
Uganda,2023-03-26,https://covid19.who.int/
Ukraine,2022-02-27,https://covid19.who.int/
United Arab Emirates,2022-06-20,https://covid19.who.int/
United Kingdom,2022-09-11,https://coronavirus.data.gov.uk/details/vaccinations
United States,2023-05-09,https://data.cdc.gov/Vaccinations/COVID-19-Vaccination-Trends-in-the-United-States-N/rh2h-3yt2
Uruguay,2023-05-27,https://monitor.uruguaysevacuna.gub.uy/
Uzbekistan,2023-04-16,https://covid19.who.int/
Vanuatu,2023-02-20,https://stats.pacificdata.org/vis?tm=covid&pg=0&df[ds]=SPC2&df[id]=DF_COVID_VACCINATION&df[ag]=SPC&df[vs]=1.0
Venezuela,2022-12-07,https://ais.paho.org/imm/IM_DosisAdmin-Vacunacion.asp
Vietnam,2023-05-11,https://covid19.who.int/
Wales,2023-05-18,https://coronavirus.data.gov.uk/details/vaccinations
Wallis and Futuna,2023-01-23,https://stats.pacificdata.org/vis?tm=covid&pg=0&df[ds]=SPC2&df[id]=DF_COVID_VACCINATION&df[ag]=SPC&df[vs]=1.0
Yemen,2023-04-18,https://covid19.who.int/
Zambia,2023-05-22,https://rtc-planning.maps.arcgis.com/apps/dashboards/3b3a01c1d8444932ba075fb44b119b63
Zimbabwe,2022-10-09,https://www.arcgis.com/home/webmap/viewer.html?url=https://services9.arcgis.com/DnERH4rcjw7NU6lv/ArcGIS/rest/services/Vaccine_Distribution_Program/FeatureServer&source=sd
